{
    "name": "root",
    "gauges": {
        "RacingBehavior.Policy.Entropy.mean": {
            "value": -0.23693297803401947,
            "min": -0.23693297803401947,
            "max": -0.05390201508998871,
            "count": 59
        },
        "RacingBehavior.Policy.Entropy.sum": {
            "value": -5962.41845703125,
            "min": -5962.41845703125,
            "max": -1088.3355712890625,
            "count": 59
        },
        "RacingBehavior.Step.mean": {
            "value": 16049893.0,
            "min": 14599846.0,
            "max": 16049893.0,
            "count": 59
        },
        "RacingBehavior.Step.sum": {
            "value": 16049893.0,
            "min": 14599846.0,
            "max": 16049893.0,
            "count": 59
        },
        "RacingBehavior.Policy.ExtrinsicValueEstimate.mean": {
            "value": 576.4653930664062,
            "min": 531.5590209960938,
            "max": 580.1026000976562,
            "count": 59
        },
        "RacingBehavior.Policy.ExtrinsicValueEstimate.sum": {
            "value": 77246.359375,
            "min": 54750.58203125,
            "max": 77733.75,
            "count": 59
        },
        "RacingBehavior.Environment.EpisodeLength.mean": {
            "value": 4362.6,
            "min": 1901.5,
            "max": 5999.0,
            "count": 59
        },
        "RacingBehavior.Environment.EpisodeLength.sum": {
            "value": 21813.0,
            "min": 3803.0,
            "max": 35421.0,
            "count": 59
        },
        "RacingBehavior.Environment.CumulativeReward.mean": {
            "value": 83618.29418945312,
            "min": 34352.67202758789,
            "max": 115852.48136901855,
            "count": 59
        },
        "RacingBehavior.Environment.CumulativeReward.sum": {
            "value": 418091.4709472656,
            "min": 68705.34405517578,
            "max": 657023.5640563965,
            "count": 59
        },
        "RacingBehavior.Policy.ExtrinsicReward.mean": {
            "value": 83618.29418945312,
            "min": 34352.67202758789,
            "max": 115852.48136901855,
            "count": 59
        },
        "RacingBehavior.Policy.ExtrinsicReward.sum": {
            "value": 418091.4709472656,
            "min": 68705.34405517578,
            "max": 657023.5640563965,
            "count": 59
        },
        "RacingBehavior.IsTraining.mean": {
            "value": 1.0,
            "min": 1.0,
            "max": 1.0,
            "count": 59
        },
        "RacingBehavior.IsTraining.sum": {
            "value": 1.0,
            "min": 1.0,
            "max": 1.0,
            "count": 59
        },
        "RacingBehavior.Losses.PolicyLoss.mean": {
            "value": 0.5105821597079436,
            "min": 0.46343377102166416,
            "max": 0.520072270433108,
            "count": 48
        },
        "RacingBehavior.Losses.PolicyLoss.sum": {
            "value": 0.5105821597079436,
            "min": 0.46343377102166416,
            "max": 0.520072270433108,
            "count": 48
        },
        "RacingBehavior.Losses.ValueLoss.mean": {
            "value": 76971.43528645833,
            "min": 72189.76940104166,
            "max": 77688.45846354167,
            "count": 48
        },
        "RacingBehavior.Losses.ValueLoss.sum": {
            "value": 76971.43528645833,
            "min": 72189.76940104166,
            "max": 77688.45846354167,
            "count": 48
        },
        "RacingBehavior.Policy.LearningRate.mean": {
            "value": 9.300844682913664e-05,
            "min": 9.300844682913664e-05,
            "max": 0.00010259373536982329,
            "count": 48
        },
        "RacingBehavior.Policy.LearningRate.sum": {
            "value": 9.300844682913664e-05,
            "min": 9.300844682913664e-05,
            "max": 0.00010259373536982329,
            "count": 48
        },
        "RacingBehavior.Policy.Epsilon.mean": {
            "value": 0.1465041966666667,
            "min": 0.1465041966666667,
            "max": 0.1512968433333334,
            "count": 48
        },
        "RacingBehavior.Policy.Epsilon.sum": {
            "value": 0.1465041966666667,
            "min": 0.1465041966666667,
            "max": 0.1512968433333334,
            "count": 48
        },
        "RacingBehavior.Policy.Beta.mean": {
            "value": 0.0037256853136666667,
            "min": 0.0037256853136666667,
            "max": 0.004108617782333334,
            "count": 48
        },
        "RacingBehavior.Policy.Beta.sum": {
            "value": 0.0037256853136666667,
            "min": 0.0037256853136666667,
            "max": 0.004108617782333334,
            "count": 48
        }
    },
    "metadata": {
        "timer_format_version": "0.1.0",
        "start_time_seconds": "1744953565",
        "python_version": "3.10.0 (tags/v3.10.0:b494f59, Oct  4 2021, 19:00:18) [MSC v.1929 64 bit (AMD64)]",
        "command_line_arguments": "C:\\Users\\kolin\\Desktop\\School\\Backups\\BeforeAugment\\Reinforced Racing\\venv\\Scripts\\mlagents-learn racing_config.yaml --run-id=final --resume",
        "mlagents_version": "0.30.0",
        "mlagents_envs_version": "0.30.0",
        "communication_protocol_version": "1.5.0",
        "pytorch_version": "2.5.1+cu121",
        "numpy_version": "1.21.2",
        "end_time_seconds": "1744955694"
    },
    "total": 2129.386465000003,
    "count": 1,
    "self": 0.00292250000347849,
    "children": {
        "run_training.setup": {
            "total": 0.05209579999791458,
            "count": 1,
            "self": 0.05209579999791458
        },
        "TrainerController.start_learning": {
            "total": 2129.331446700002,
            "count": 1,
            "self": 3.6800665986156673,
            "children": {
                "TrainerController._reset_env": {
                    "total": 12.141676400002325,
                    "count": 1,
                    "self": 12.141676400002325
                },
                "TrainerController.advance": {
                    "total": 2113.383943101384,
                    "count": 295158,
                    "self": 1.5919928003422683,
                    "children": {
                        "env_step": {
                            "total": 2111.7919503010417,
                            "count": 295158,
                            "self": 1664.1814118008915,
                            "children": {
                                "SubprocessEnvManager._take_step": {
                                    "total": 445.74473279835365,
                                    "count": 295159,
                                    "self": 10.952142996196926,
                                    "children": {
                                        "TorchPolicy.evaluate": {
                                            "total": 434.7925898021567,
                                            "count": 294920,
                                            "self": 434.7925898021567
                                        }
                                    }
                                },
                                "workers": {
                                    "total": 1.8658057017964893,
                                    "count": 295157,
                                    "self": 0.0,
                                    "children": {
                                        "worker_root": {
                                            "total": 2072.5284482006246,
                                            "count": 295157,
                                            "is_parallel": true,
                                            "self": 608.9305561997171,